Survived	PassengerId	Pclass	Age	SibSp	Parch	Fare	Sex_female	Sex_male	Embarked_C	Embarked_Q	Embarked_S	Name_Capt	Name_Col	Name_Don	Name_Dr	Name_Lady	Name_Major	Name_Master	Name_Miss	Name_Mlle	Name_Mme	Name_Mr	Name_Mrs	Name_Rev	Name_Sir
0	530	2	23.0	2	1	11.50	False	True	False	False	True	False	False	False	False	False	False	False	False	False	False	True	False	False	False
0	466	3	38.0	0	0	7.05	False	True	False	False	True	False	False	False	False	False	False	False	False	False	False	True	False	False	False
0	753	3	33.0	0	0	9.50	False	True	False	False	True	False	False	False	False	False	False	False	False	False	False	True	False	False	False
0	855	2	44.0	1	0	26.00	True	False	False	False	True	False	False	False	False	False	False	False	False	False	False	False	True	False	False
0	333	1	38.0	0	1	153.46	False	True	False	False	True	False	False	False	False	False	False	False	False	False	False	True	False	False	False
0	39	3	18.0	2	0	18.00	True	False	False	False	True	False	False	False	False	False	False	False	True	False	False	False	False	False	False
0	236	3	29.36	0	0	7.55	True	False	False	False	True	False	False	False	False	False	False	False	True	False	False	False	False	False	False
0	303	3	19.0	0	0	0.00	False	True	False	False	True	False	False	False	False	False	False	False	False	False	False	True	False	False	False
1	18	2	29.36	0	0	13.00	False	True	False	False	True	False	False	False	False	False	False	False	False	False	False	True	False	False	False
1	505	1	16.0	0	0	86.50	True	False	False	False	True	False	False	False	False	False	False	False	True	False	False	False	False	False	False
1	670	1	29.36	1	0	52.00	True	False	False	False	True	False	False	False	False	False	False	False	False	False	False	False	True	False	False
1	316	3	26.0	0	0	7.85	True	False	False	False	True	False	False	False	False	False	False	False	True	False	False	False	False	False	False
1	690	1	15.0	0	1	211.34	True	False	False	False	True	False	False	False	False	False	False	False	True	False	False	False	False	False	False
1	718	2	27.0	0	0	10.50	True	False	False	False	True	False	False	False	False	False	False	False	True	False	False	False	False	False	False
1	580	3	32.0	0	0	7.92	False	True	False	False	True	False	False	False	False	False	False	False	False	False	False	True	False	False	False
0	697	3	44.0	0	0	8.05	False	True	False	False	True	False	False	False	False	False	False	False	False	False	False	True	False	False	False
1	193	3	19.0	1	0	7.85	True	False	False	False	True	False	False	False	False	False	False	False	True	False	False	False	False	False	False
0	634	1	29.36	0	0	0.00	False	True	False	False	True	False	False	False	False	False	False	False	False	False	False	True	False	False	False
1	858	1	51.0	0	0	26.55	False	True	False	False	True	False	False	False	False	False	False	False	False	False	False	True	False	False	False
1	329	3	31.0	1	1	20.52	True	False	False	False	True	False	False	False	False	False	False	False	False	False	False	False	True	False	False
0	784	3	29.36	1	2	23.45	False	True	False	False	True	False	False	False	False	False	False	False	False	False	False	True	False	False	False
0	407	3	51.0	0	0	7.75	False	True	False	False	True	False	False	False	False	False	False	False	False	False	False	True	False	False	False
0	747	3	16.0	1	1	20.25	False	True	False	False	True	False	False	False	False	False	False	False	False	False	False	True	False	False	False
0	492	3	21.0	0	0	7.25	False	True	False	False	True	False	False	False	False	False	False	False	False	False	False	True	False	False	False
1	534	3	29.36	0	2	22.36	True	False	True	False	False	False	False	False	False	False	False	False	False	False	False	False	True	False	False
0	862	2	21.0	1	0	11.50	False	True	False	False	True	False	False	False	False	False	False	False	False	False	False	True	False	False	False
0	724	2	50.0	0	0	13.00	False	True	False	False	True	False	False	False	False	False	False	False	False	False	False	True	False	False	False
0	685	2	60.0	1	1	39.00	False	True	False	False	True	False	False	False	False	False	False	False	False	False	False	True	False	False	False
0	344	2	25.0	0	0	13.00	False	True	False	False	True	False	False	False	False	False	False	False	False	False	False	True	False	False	False
1	751	2	4.0	1	1	23.00	True	False	False	False	True	False	False	False	False	False	False	False	True	False	False	False	False	False	False
0	734	2	23.0	0	0	13.00	False	True	False	False	True	False	False	False	False	False	False	False	False	False	False	True	False	False	False
0	496	3	29.36	0	0	14.46	False	True	True	False	False	False	False	False	False	False	False	False	False	False	False	True	False	False	False
0	296	1	29.36	0	0	27.72	False	True	True	False	False	False	False	False	False	False	False	False	False	False	False	True	False	False	False
0	516	1	47.0	0	0	34.02	False	True	False	False	True	False	False	False	False	False	False	False	False	False	False	True	False	False	False
0	282	3	28.0	0	0	7.85	False	True	False	False	True	False	False	False	False	False	False	False	False	False	False	True	False	False	False
0	218	2	42.0	1	0	27.00	False	True	False	False	True	False	False	False	False	False	False	False	False	False	False	True	False	False	False
1	107	3	21.0	0	0	7.65	True	False	False	False	True	False	False	False	False	False	False	False	True	False	False	False	False	False	False
0	878	3	19.0	0	0	7.90	False	True	False	False	True	False	False	False	False	False	False	False	False	False	False	True	False	False	False
1	291	1	26.0	0	0	78.85	True	False	False	False	True	False	False	False	False	False	False	False	True	False	False	False	False	False	False
0	722	3	17.0	1	0	7.05	False	True	False	False	True	False	False	False	False	False	False	False	False	False	False	True	False	False	False
0	826	3	29.36	0	0	6.95	False	True	False	True	False	False	False	False	False	False	False	False	False	False	False	True	False	False	False
0	434	3	17.0	0	0	7.12	False	True	False	False	True	False	False	False	False	False	False	False	False	False	False	True	False	False	False
0	404	3	28.0	1	0	15.85	False	True	False	False	True	False	False	False	False	False	False	False	False	False	False	True	False	False	False
1	210	1	40.0	0	0	31.00	False	True	True	False	False	False	False	False	False	False	False	False	False	False	False	True	False	False	False
1	166	3	9.0	0	2	20.52	False	True	False	False	True	False	False	False	False	False	False	True	False	False	False	False	False	False	False
0	201	3	28.0	0	0	9.50	False	True	False	False	True	False	False	False	False	False	False	False	False	False	False	True	False	False	False
0	361	3	40.0	1	4	27.90	False	True	False	False	True	False	False	False	False	False	False	False	False	False	False	True	False	False	False
1	53	1	49.0	1	0	76.73	True	False	True	False	False	False	False	False	False	False	False	False	False	False	False	False	True	False	False
0	612	3	29.36	0	0	7.05	False	True	False	False	True	False	False	False	False	False	False	False	False	False	False	True	False	False	False
0	60	3	11.0	5	2	46.90	False	True	False	False	True	False	False	False	False	False	False	True	False	False	False	False	False	False	False
1	262	3	3.0	4	2	31.39	False	True	False	False	True	False	False	False	False	False	False	True	False	False	False	False	False	False	False
1	674	2	31.0	0	0	13.00	False	True	False	False	True	False	False	False	False	False	False	False	False	False	False	True	False	False	False
0	63	1	45.0	1	0	83.47	False	True	False	False	True	False	False	False	False	False	False	False	False	False	False	True	False	False	False
0	215	3	29.36	1	0	7.75	False	True	False	True	False	False	False	False	False	False	False	False	False	False	False	True	False	False	False
0	618	3	26.0	1	0	16.10	True	False	False	False	True	False	False	False	False	False	False	False	False	False	False	False	True	False	False
1	789	3	1.0	1	2	20.57	False	True	False	False	True	False	False	False	False	False	False	True	False	False	False	False	False	False	False
1	312	1	18.0	2	2	262.38	True	False	True	False	False	False	False	False	False	False	False	False	True	False	False	False	False	False	False
0	113	3	22.0	0	0	8.05	False	True	False	False	True	False	False	False	False	False	False	False	False	False	False	True	False	False	False
0	314	3	28.0	0	0	7.90	False	True	False	False	True	False	False	False	False	False	False	False	False	False	False	True	False	False	False
1	517	2	34.0	0	0	10.50	True	False	False	False	True	False	False	False	False	False	False	False	False	False	False	False	True	False	False
0	174	3	21.0	0	0	7.92	False	True	False	False	True	False	False	False	False	False	False	False	False	False	False	True	False	False	False
1	803	1	11.0	1	2	120.00	False	True	False	False	True	False	False	False	False	False	False	True	False	False	False	False	False	False	False
0	479	3	22.0	0	0	7.52	False	True	False	False	True	False	False	False	False	False	False	False	False	False	False	True	False	False	False
1	445	3	29.36	0	0	8.11	False	True	False	False	True	False	False	False	False	False	False	False	False	False	False	True	False	False	False
0	684	3	14.0	5	2	46.90	False	True	False	False	True	False	False	False	False	False	False	False	False	False	False	True	False	False	False
1	597	2	29.36	0	0	33.00	True	False	False	False	True	False	False	False	False	False	False	False	True	False	False	False	False	False	False
0	229	2	18.0	0	0	13.00	False	True	False	False	True	False	False	False	False	False	False	False	False	False	False	True	False	False	False
0	121	2	21.0	2	0	73.50	False	True	False	False	True	False	False	False	False	False	False	False	False	False	False	True	False	False	False
0	526	3	40.5	0	0	7.75	False	True	False	True	False	False	False	False	False	False	False	False	False	False	False	True	False	False	False
1	360	3	29.36	0	0	7.88	True	False	False	True	False	False	False	False	False	False	False	False	True	False	False	False	False	False	False
1	20	3	29.36	0	0	7.22	True	False	True	False	False	False	False	False	False	False	False	False	False	False	False	False	True	False	False
0	28	1	19.0	3	2	263.00	False	True	False	False	True	False	False	False	False	False	False	False	False	False	False	True	False	False	False
0	761	3	29.36	0	0	14.50	False	True	False	False	True	False	False	False	False	False	False	False	False	False	False	True	False	False	False
1	487	1	35.0	1	0	90.00	True	False	False	False	True	False	False	False	False	False	False	False	False	False	False	False	True	False	False
0	385	3	29.36	0	0	7.90	False	True	False	False	True	False	False	False	False	False	False	False	False	False	False	True	False	False	False
0	364	3	35.0	0	0	7.05	False	True	False	False	True	False	False	False	False	False	False	False	False	False	False	True	False	False	False
1	124	2	32.5	0	0	13.00	True	False	False	False	True	False	False	False	False	False	False	False	True	False	False	False	False	False	False
0	165	3	1.0	4	1	39.69	False	True	False	False	True	False	False	False	False	False	False	True	False	False	False	False	False	False	False
0	668	3	29.36	0	0	7.78	False	True	False	False	True	False	False	False	False	False	False	False	False	False	False	True	False	False	False
0	596	3	36.0	1	1	24.15	False	True	False	False	True	False	False	False	False	False	False	False	False	False	False	True	False	False	False
0	845	3	17.0	0	0	8.66	False	True	False	False	True	False	False	False	False	False	False	False	False	False	False	True	False	False	False
1	510	3	26.0	0	0	56.50	False	True	False	False	True	False	False	False	False	False	False	False	False	False	False	True	False	False	False
0	135	2	25.0	0	0	13.00	False	True	False	False	True	False	False	False	False	False	False	False	False	False	False	True	False	False	False
1	196	1	58.0	0	0	146.52	True	False	True	False	False	False	False	False	False	False	False	False	True	False	False	False	False	False	False
1	377	3	22.0	0	0	7.25	True	False	False	False	True	False	False	False	False	False	False	False	True	False	False	False	False	False	False
1	745	3	31.0	0	0	7.92	False	True	False	False	True	False	False	False	False	False	False	False	False	False	False	True	False	False	False
0	729	2	25.0	1	0	26.00	False	True	False	False	True	False	False	False	False	False	False	False	False	False	False	True	False	False	False
1	661	1	50.0	2	0	133.65	False	True	False	False	True	False	False	False	True	False	False	False	False	False	False	False	False	False	False
0	437	3	21.0	2	2	34.38	True	False	False	False	True	False	False	False	False	False	False	False	True	False	False	False	False	False	False
1	9	3	27.0	0	2	11.13	True	False	False	False	True	False	False	False	False	False	False	False	False	False	False	False	True	False	False
0	835	3	18.0	0	0	8.30	False	True	False	False	True	False	False	False	False	False	False	False	False	False	False	True	False	False	False
0	794	1	29.36	0	0	30.70	False	True	True	False	False	False	False	False	False	False	False	False	False	False	False	True	False	False	False
0	891	3	32.0	0	0	7.75	False	True	False	True	False	False	False	False	False	False	False	False	False	False	False	True	False	False	False
0	851	3	4.0	4	2	31.27	False	True	False	False	True	False	False	False	False	False	False	True	False	False	False	False	False	False	False
1	854	1	16.0	0	1	39.40	True	False	False	False	True	False	False	False	False	False	False	False	True	False	False	False	False	False	False
0	552	2	27.0	0	0	26.00	False	True	False	False	True	False	False	False	False	False	False	False	False	False	False	True	False	False	False
1	671	2	40.0	1	1	39.00	True	False	False	False	True	False	False	False	False	False	False	False	False	False	False	False	True	False	False
0	228	3	20.5	0	0	7.25	False	True	False	False	True	False	False	False	False	False	False	False	False	False	False	True	False	False	False
1	763	3	20.0	0	0	7.23	False	True	True	False	False	False	False	False	False	False	False	False	False	False	False	True	False	False	False
0	591	3	35.0	0	0	7.12	False	True	False	False	True	False	False	False	False	False	False	False	False	False	False	True	False	False	False
0	155	3	29.36	0	0	7.31	False	True	False	False	True	False	False	False	False	False	False	False	False	False	False	True	False	False	False
0	104	3	33.0	0	0	8.65	False	True	False	False	True	False	False	False	False	False	False	False	False	False	False	True	False	False	False
0	443	3	25.0	1	0	7.78	False	True	False	False	True	False	False	False	False	False	False	False	False	False	False	True	False	False	False
1	592	1	52.0	1	0	78.27	True	False	True	False	False	False	False	False	False	False	False	False	False	False	False	False	True	False	False
0	584	1	36.0	0	0	40.12	False	True	True	False	False	False	False	False	False	False	False	False	False	False	False	True	False	False	False
0	277	3	45.0	0	0	7.75	True	False	False	False	True	False	False	False	False	False	False	False	True	False	False	False	False	False	False
1	514	1	54.0	1	0	59.40	True	False	True	False	False	False	False	False	False	False	False	False	False	False	False	False	True	False	False
1	83	3	29.36	0	0	7.79	True	False	False	True	False	False	False	False	False	False	False	False	True	False	False	False	False	False	False
1	856	3	18.0	0	1	9.35	True	False	False	False	True	False	False	False	False	False	False	False	False	False	False	False	True	False	False
1	390	2	17.0	0	0	12.00	True	False	True	False	False	False	False	False	False	False	False	False	True	False	False	False	False	False	False
0	579	3	29.36	1	0	14.46	True	False	True	False	False	False	False	False	False	False	False	False	False	False	False	False	True	False	False
0	500	3	24.0	0	0	7.80	False	True	False	False	True	False	False	False	False	False	False	False	False	False	False	True	False	False	False
0	412	3	29.36	0	0	6.86	False	True	False	True	False	False	False	False	False	False	False	False	False	False	False	True	False	False	False
0	687	3	14.0	4	1	39.69	False	True	False	False	True	False	False	False	False	False	False	False	False	False	False	True	False	False	False
0	73	2	21.0	0	0	73.50	False	True	False	False	True	False	False	False	False	False	False	False	False	False	False	True	False	False	False
0	887	2	27.0	0	0	13.00	False	True	False	False	True	False	False	False	False	False	False	False	False	False	False	False	False	True	False
0	503	3	29.36	0	0	7.63	True	False	False	True	False	False	False	False	False	False	False	False	True	False	False	False	False	False	False
0	41	3	40.0	1	0	9.47	True	False	False	False	True	False	False	False	False	False	False	False	False	False	False	False	True	False	False
1	654	3	29.36	0	0	7.83	True	False	False	True	False	False	False	False	False	False	False	False	True	False	False	False	False	False	False
1	484	3	63.0	0	0	9.59	True	False	False	False	True	False	False	False	False	False	False	False	False	False	False	False	True	False	False
0	426	3	29.36	0	0	7.25	False	True	False	False	True	False	False	False	False	False	False	False	False	False	False	True	False	False	False
1	438	2	24.0	2	3	18.75	True	False	False	False	True	False	False	False	False	False	False	False	False	False	False	False	True	False	False
0	625	3	21.0	0	0	16.10	False	True	False	False	True	False	False	False	False	False	False	False	False	False	False	True	False	False	False
0	114	3	20.0	1	0	9.82	True	False	False	False	True	False	False	False	False	False	False	False	True	False	False	False	False	False	False
0	614	3	29.36	0	0	7.75	False	True	False	True	False	False	False	False	False	False	False	False	False	False	False	True	False	False	False
1	731	1	29.0	0	0	211.34	True	False	False	False	True	False	False	False	False	False	False	False	True	False	False	False	False	False	False
0	675	2	29.36	0	0	0.00	False	True	False	False	True	False	False	False	False	False	False	False	False	False	False	True	False	False	False
0	712	1	29.36	0	0	26.55	False	True	False	False	True	False	False	False	False	False	False	False	False	False	False	True	False	False	False
0	657	3	29.36	0	0	7.90	False	True	False	False	True	False	False	False	False	False	False	False	False	False	False	True	False	False	False
0	848	3	35.0	0	0	7.90	False	True	True	False	False	False	False	False	False	False	False	False	False	False	False	True	False	False	False
0	809	2	39.0	0	0	13.00	False	True	False	False	True	False	False	False	False	False	False	False	False	False	False	True	False	False	False
1	577	2	34.0	0	0	13.00	True	False	False	False	True	False	False	False	False	False	False	False	True	False	False	False	False	False	False
0	343	2	28.0	0	0	13.00	False	True	False	False	True	False	False	False	False	False	False	False	False	False	False	True	False	False	False
0	252	3	29.0	1	1	10.46	True	False	False	False	True	False	False	False	False	False	False	False	False	False	False	False	True	False	False
0	518	3	29.36	0	0	24.15	False	True	False	True	False	False	False	False	False	False	False	False	False	False	False	True	False	False	False
0	515	3	24.0	0	0	7.50	False	True	False	False	True	False	False	False	False	False	False	False	False	False	False	True	False	False	False
0	327	3	61.0	0	0	6.24	False	True	False	False	True	False	False	False	False	False	False	False	False	False	False	True	False	False	False
0	144	3	19.0	0	0	6.75	False	True	False	True	False	False	False	False	False	False	False	False	False	False	False	True	False	False	False
0	629	3	26.0	0	0	7.90	False	True	False	False	True	False	False	False	False	False	False	False	False	False	False	True	False	False	False
0	469	3	29.36	0	0	7.72	False	True	False	True	False	False	False	False	False	False	False	False	False	False	False	True	False	False	False
1	199	3	29.36	0	0	7.75	True	False	False	True	False	False	False	False	False	False	False	False	True	False	False	False	False	False	False
1	459	2	50.0	0	0	10.50	True	False	False	False	True	False	False	False	False	False	False	False	True	False	False	False	False	False	False
1	485	1	25.0	1	0	91.08	False	True	True	False	False	False	False	False	False	False	False	False	False	False	False	True	False	False	False
1	349	3	3.0	1	1	15.90	False	True	False	False	True	False	False	False	False	False	False	True	False	False	False	False	False	False	False
0	716	3	19.0	0	0	7.65	False	True	False	False	True	False	False	False	False	False	False	False	False	False	False	True	False	False	False
0	742	1	36.0	1	0	78.85	False	True	False	False	True	False	False	False	False	False	False	False	False	False	False	True	False	False	False
0	520	3	32.0	0	0	7.90	False	True	False	False	True	False	False	False	False	False	False	False	False	False	False	True	False	False	False
1	764	1	36.0	1	2	120.00	True	False	False	False	True	False	False	False	False	False	False	False	False	False	False	False	True	False	False
0	19	3	31.0	1	0	18.00	True	False	False	False	True	False	False	False	False	False	False	False	False	False	False	False	True	False	False
0	563	2	28.0	0	0	13.50	False	True	False	False	True	False	False	False	False	False	False	False	False	False	False	True	False	False	False
1	331	3	29.36	2	0	23.25	True	False	False	True	False	False	False	False	False	False	False	False	True	False	False	False	False	False	False
0	251	3	29.36	0	0	7.25	False	True	False	False	True	False	False	False	False	False	False	False	False	False	False	True	False	False	False
1	850	1	29.36	1	0	89.10	True	False	True	False	False	False	False	False	False	False	False	False	False	False	False	False	True	False	False
1	778	3	5.0	0	0	12.47	True	False	False	False	True	False	False	False	False	False	False	False	True	False	False	False	False	False	False
1	458	1	29.36	1	0	51.86	True	False	False	False	True	False	False	False	False	False	False	False	False	False	False	False	True	False	False
0	457	1	65.0	0	0	26.55	False	True	False	False	True	False	False	False	False	False	False	False	False	False	False	True	False	False	False
1	433	2	42.0	1	0	26.00	True	False	False	False	True	False	False	False	False	False	False	False	False	False	False	False	True	False	False
1	743	1	21.0	2	2	262.38	True	False	True	False	False	False	False	False	False	False	False	False	True	False	False	False	False	False	False
1	741	1	29.36	0	0	30.00	False	True	False	False	True	False	False	False	False	False	False	False	False	False	False	True	False	False	False
1	234	3	5.0	4	2	31.39	True	False	False	False	True	False	False	False	False	False	False	False	True	False	False	False	False	False	False
1	57	2	21.0	0	0	10.50	True	False	False	False	True	False	False	False	False	False	False	False	True	False	False	False	False	False	False
0	816	1	29.36	0	0	0.00	False	True	False	False	True	False	False	False	False	False	False	False	False	False	False	True	False	False	False
1	56	1	29.36	0	0	35.50	False	True	False	False	True	False	False	False	False	False	False	False	False	False	False	True	False	False	False
0	169	1	29.36	0	0	25.93	False	True	False	False	True	False	False	False	False	False	False	False	False	False	False	True	False	False	False
0	168	3	45.0	1	4	27.90	True	False	False	False	True	False	False	False	False	False	False	False	False	False	False	False	True	False	False
0	158	3	30.0	0	0	8.05	False	True	False	False	True	False	False	False	False	False	False	False	False	False	False	True	False	False	False
1	270	1	35.0	0	0	135.63	True	False	False	False	True	False	False	False	False	False	False	False	True	False	False	False	False	False	False
0	243	2	29.0	0	0	10.50	False	True	False	False	True	False	False	False	False	False	False	False	False	False	False	True	False	False	False
0	240	2	33.0	0	0	12.28	False	True	False	False	True	False	False	False	False	False	False	False	False	False	False	True	False	False	False
0	177	3	29.36	3	1	25.47	False	True	False	False	True	False	False	False	False	False	False	True	False	False	False	False	False	False	False
1	608	1	27.0	0	0	30.50	False	True	False	False	True	False	False	False	False	False	False	False	False	False	False	True	False	False	False
0	587	2	47.0	0	0	15.00	False	True	False	False	True	False	False	False	False	False	False	False	False	False	False	True	False	False	False
1	508	1	29.36	0	0	26.55	False	True	False	False	True	False	False	False	False	False	False	False	False	False	False	True	False	False	False
1	648	1	56.0	0	0	35.50	False	True	True	False	False	False	True	False	False	False	False	False	False	False	False	False	False	False	False
0	255	3	41.0	0	2	20.21	True	False	False	False	True	False	False	False	False	False	False	False	False	False	False	False	True	False	False
0	602	3	29.36	0	0	7.90	False	True	False	False	True	False	False	False	False	False	False	False	False	False	False	True	False	False	False
0	136	2	23.0	0	0	15.05	False	True	True	False	False	False	False	False	False	False	False	False	False	False	False	True	False	False	False
0	464	2	48.0	0	0	13.00	False	True	False	False	True	False	False	False	False	False	False	False	False	False	False	True	False	False	False
1	570	3	32.0	0	0	7.85	False	True	False	False	True	False	False	False	False	False	False	False	False	False	False	True	False	False	False
1	126	3	12.0	1	0	11.24	False	True	True	False	False	False	False	False	False	False	False	True	False	False	False	False	False	False	False
1	721	2	6.0	0	1	33.00	True	False	False	False	True	False	False	False	False	False	False	False	True	False	False	False	False	False	False
0	31	1	40.0	0	0	27.72	False	True	True	False	False	False	False	True	False	False	False	False	False	False	False	False	False	False	False
0	261	3	29.36	0	0	7.75	False	True	False	True	False	False	False	False	False	False	False	False	False	False	False	True	False	False	False
0	621	3	27.0	1	0	14.45	False	True	True	False	False	False	False	False	False	False	False	False	False	False	False	True	False	False	False
0	838	3	29.36	0	0	8.05	False	True	False	False	True	False	False	False	False	False	False	False	False	False	False	True	False	False	False
0	68	3	19.0	0	0	8.16	False	True	False	False	True	False	False	False	False	False	False	False	False	False	False	True	False	False	False
1	392	3	21.0	0	0	7.80	False	True	False	False	True	False	False	False	False	False	False	False	False	False	False	True	False	False	False
1	450	1	52.0	0	0	30.50	False	True	False	False	True	False	False	False	False	False	True	False	False	False	False	False	False	False	False
0	873	1	33.0	0	0	5.00	False	True	False	False	True	False	False	False	False	False	False	False	False	False	False	True	False	False	False
1	11	3	4.0	1	1	16.70	True	False	False	False	True	False	False	False	False	False	False	False	True	False	False	False	False	False	False
1	187	3	29.36	1	0	15.50	True	False	False	True	False	False	False	False	False	False	False	False	False	False	False	False	True	False	False
0	795	3	25.0	0	0	7.90	False	True	False	False	True	False	False	False	False	False	False	False	False	False	False	True	False	False	False
1	780	1	43.0	0	1	211.34	True	False	False	False	True	False	False	False	False	False	False	False	False	False	False	False	True	False	False
0	509	3	28.0	0	0	22.52	False	True	False	False	True	False	False	False	False	False	False	False	False	False	False	True	False	False	False
0	285	1	29.36	0	0	26.00	False	True	False	False	True	False	False	False	False	False	False	False	False	False	False	True	False	False	False
0	34	2	66.0	0	0	10.50	False	True	False	False	True	False	False	False	False	False	False	False	False	False	False	True	False	False	False
0	172	3	4.0	4	1	29.12	False	True	False	True	False	False	False	False	False	False	False	True	False	False	False	False	False	False	False
1	447	2	13.0	0	1	19.50	True	False	False	False	True	False	False	False	False	False	False	False	True	False	False	False	False	False	False
0	537	1	45.0	0	0	26.55	False	True	False	False	True	False	False	False	False	False	True	False	False	False	False	False	False	False	False
0	386	2	18.0	0	0	73.50	False	True	False	False	True	False	False	False	False	False	False	False	False	False	False	True	False	False	False
0	410	3	29.36	3	1	25.47	True	False	False	False	True	False	False	False	False	False	False	False	True	False	False	False	False	False	False
1	371	1	25.0	1	0	55.44	False	True	True	False	False	False	False	False	False	False	False	False	False	False	False	True	False	False	False
0	556	1	62.0	0	0	26.55	False	True	False	False	True	False	False	False	False	False	False	False	False	False	False	True	False	False	False
0	730	3	25.0	1	0	7.92	True	False	False	False	True	False	False	False	False	False	False	False	True	False	False	False	False	False	False
0	416	3	29.36	0	0	8.05	True	False	False	False	True	False	False	False	False	False	False	False	False	False	False	False	True	False	False
0	77	3	29.36	0	0	7.90	False	True	False	False	True	False	False	False	False	False	False	False	False	False	False	True	False	False	False
0	365	3	29.36	1	0	15.50	False	True	False	True	False	False	False	False	False	False	False	False	False	False	False	True	False	False	False
0	562	3	40.0	0	0	7.90	False	True	False	False	True	False	False	False	False	False	False	False	False	False	False	True	False	False	False
1	287	3	30.0	0	0	9.50	False	True	False	False	True	False	False	False	False	False	False	False	False	False	False	True	False	False	False
0	127	3	29.36	0	0	7.75	False	True	False	True	False	False	False	False	False	False	False	False	False	False	False	True	False	False	False
0	64	3	4.0	3	2	27.90	False	True	False	False	True	False	False	False	False	False	False	True	False	False	False	False	False	False	False
1	80	3	30.0	0	0	12.47	True	False	False	False	True	False	False	False	False	False	False	False	True	False	False	False	False	False	False
0	879	3	29.36	0	0	7.90	False	True	False	False	True	False	False	False	False	False	False	False	False	False	False	True	False	False	False
0	88	3	29.36	0	0	8.05	False	True	False	False	True	False	False	False	False	False	False	False	False	False	False	True	False	False	False
1	191	2	32.0	0	0	13.00	True	False	False	False	True	False	False	False	False	False	False	False	False	False	False	False	True	False	False
0	860	3	29.36	0	0	7.23	False	True	True	False	False	False	False	False	False	False	False	False	False	False	False	True	False	False	False
0	244	3	22.0	0	0	7.12	False	True	False	False	True	False	False	False	False	False	False	False	False	False	False	True	False	False	False
0	74	3	26.0	1	0	14.45	False	True	True	False	False	False	False	False	False	False	False	False	False	False	False	True	False	False	False
1	268	3	25.0	1	0	7.78	False	True	False	False	True	False	False	False	False	False	False	False	False	False	False	True	False	False	False
0	148	3	9.0	2	2	34.38	True	False	False	False	True	False	False	False	False	False	False	False	True	False	False	False	False	False	False
0	118	2	29.0	1	0	21.00	False	True	False	False	True	False	False	False	False	False	False	False	False	False	False	True	False	False	False
0	87	3	16.0	1	3	34.38	False	True	False	False	True	False	False	False	False	False	False	False	False	False	False	True	False	False	False
0	814	3	6.0	4	2	31.27	True	False	False	False	True	False	False	False	False	False	False	False	True	False	False	False	False	False	False
1	10	2	14.0	1	0	30.07	True	False	True	False	False	False	False	False	False	False	False	False	False	False	False	False	True	False	False
0	120	3	2.0	4	2	31.27	True	False	False	False	True	False	False	False	False	False	False	False	True	False	False	False	False	False	False
1	829	3	29.36	0	0	7.75	False	True	False	True	False	False	False	False	False	False	False	False	False	False	False	True	False	False	False
0	406	2	34.0	1	0	21.00	False	True	False	False	True	False	False	False	False	False	False	False	False	False	False	True	False	False	False
0	419	2	30.0	0	0	13.00	False	True	False	False	True	False	False	False	False	False	False	False	False	False	False	True	False	False	False
1	299	1	29.36	0	0	30.50	False	True	False	False	True	False	False	False	False	False	False	False	False	False	False	True	False	False	False
1	711	1	24.0	0	0	49.50	True	False	True	False	False	False	False	False	False	False	False	False	False	True	False	False	False	False	False
1	601	2	24.0	2	1	27.00	True	False	False	False	True	False	False	False	False	False	False	False	False	False	False	False	True	False	False
0	842	2	16.0	0	0	10.50	False	True	False	False	True	False	False	False	False	False	False	False	False	False	False	True	False	False	False
0	475	3	22.0	0	0	9.84	True	False	False	False	True	False	False	False	False	False	False	False	True	False	False	False	False	False	False
0	452	3	29.36	1	0	19.97	False	True	False	False	True	False	False	False	False	False	False	False	False	False	False	True	False	False	False
0	313	2	26.0	1	1	26.00	True	False	False	False	True	False	False	False	False	False	False	False	False	False	False	False	True	False	False
0	593	3	47.0	0	0	7.25	False	True	False	False	True	False	False	False	False	False	False	False	False	False	False	True	False	False	False
0	532	3	29.36	0	0	7.23	False	True	True	False	False	False	False	False	False	False	False	False	False	False	False	True	False	False	False
1	29	3	29.36	0	0	7.88	True	False	False	True	False	False	False	False	False	False	False	False	True	False	False	False	False	False	False
0	820	3	10.0	3	2	27.90	False	True	False	False	True	False	False	False	False	False	False	True	False	False	False	False	False	False	False
0	744	3	24.0	1	0	16.10	False	True	False	False	True	False	False	False	False	False	False	False	False	False	False	True	False	False	False
0	512	3	29.36	0	0	8.05	False	True	False	False	True	False	False	False	False	False	False	False	False	False	False	True	False	False	False
1	470	3	0.75	2	1	19.26	True	False	True	False	False	False	False	False	False	False	False	False	True	False	False	False	False	False	False
0	206	3	2.0	0	1	10.46	True	False	False	False	True	False	False	False	False	False	False	False	True	False	False	False	False	False	False
1	755	2	48.0	1	2	65.00	True	False	False	False	True	False	False	False	False	False	False	False	False	False	False	False	True	False	False
1	781	3	13.0	0	0	7.23	True	False	True	False	False	False	False	False	False	False	False	False	True	False	False	False	False	False	False
1	33	3	29.36	0	0	7.75	True	False	False	True	False	False	False	False	False	False	False	False	True	False	False	False	False	False	False
1	571	2	62.0	0	0	10.50	False	True	False	False	True	False	False	False	False	False	False	False	False	False	False	True	False	False	False
0	746	1	70.0	1	1	71.00	False	True	False	False	True	True	False	False	False	False	False	False	False	False	False	False	False	False	False
0	294	3	24.0	0	0	8.85	True	False	False	False	True	False	False	False	False	False	False	False	True	False	False	False	False	False	False
1	208	3	26.0	0	0	18.79	False	True	True	False	False	False	False	False	False	False	False	False	False	False	False	True	False	False	False
0	154	3	40.5	0	2	14.50	False	True	False	False	True	False	False	False	False	False	False	False	False	False	False	True	False	False	False
0	267	3	16.0	4	1	39.69	False	True	False	False	True	False	False	False	False	False	False	False	False	False	False	True	False	False	False
1	317	2	24.0	1	0	26.00	True	False	False	False	True	False	False	False	False	False	False	False	False	False	False	False	True	False	False
0	620	2	26.0	0	0	10.50	False	True	False	False	True	False	False	False	False	False	False	False	False	False	False	True	False	False	False
1	559	1	39.0	1	1	79.65	True	False	False	False	True	False	False	False	False	False	False	False	False	False	False	False	True	False	False
1	37	3	29.36	0	0	7.23	False	True	True	False	False	False	False	False	False	False	False	False	False	False	False	True	False	False	False
0	265	3	29.36	0	0	7.75	True	False	False	True	False	False	False	False	False	False	False	False	True	False	False	False	False	False	False
0	477	2	34.0	1	0	21.00	False	True	False	False	True	False	False	False	False	False	False	False	False	False	False	True	False	False	False
1	219	1	32.0	0	0	76.29	True	False	True	False	False	False	False	False	False	False	False	False	True	False	False	False	False	False	False
0	30	3	29.36	0	0	7.90	False	True	False	False	True	False	False	False	False	False	False	False	False	False	False	True	False	False	False
0	853	3	9.0	1	1	15.25	True	False	True	False	False	False	False	False	False	False	False	False	True	False	False	False	False	False	False
0	409	3	21.0	0	0	7.78	False	True	False	False	True	False	False	False	False	False	False	False	False	False	False	True	False	False	False
1	328	2	36.0	0	0	13.00	True	False	False	False	True	False	False	False	False	False	False	False	False	False	False	False	True	False	False
0	321	3	22.0	0	0	7.25	False	True	False	False	True	False	False	False	False	False	False	False	False	False	False	True	False	False	False
1	22	2	34.0	0	0	13.00	False	True	False	False	True	False	False	False	False	False	False	False	False	False	False	True	False	False	False
1	110	3	29.36	1	0	24.15	True	False	False	True	False	False	False	False	False	False	False	False	True	False	False	False	False	False	False
1	490	3	9.0	1	1	15.90	False	True	False	False	True	False	False	False	False	False	False	True	False	False	False	False	False	False	False
0	315	2	43.0	1	1	26.25	False	True	False	False	True	False	False	False	False	False	False	False	False	False	False	True	False	False	False
1	162	2	40.0	0	0	15.75	True	False	False	False	True	False	False	False	False	False	False	False	False	False	False	False	True	False	False
0	736	3	28.5	0	0	16.10	False	True	False	False	True	False	False	False	False	False	False	False	False	False	False	True	False	False	False
0	543	3	11.0	4	2	31.27	True	False	False	False	True	False	False	False	False	False	False	False	True	False	False	False	False	False	False
1	3	3	26.0	0	0	7.92	True	False	False	False	True	False	False	False	False	False	False	False	True	False	False	False	False	False	False
0	767	1	29.36	0	0	39.60	False	True	True	False	False	False	False	False	True	False	False	False	False	False	False	False	False	False	False
0	533	3	17.0	1	1	7.23	False	True	True	False	False	False	False	False	False	False	False	False	False	False	False	True	False	False	False
0	598	3	49.0	0	0	0.00	False	True	False	False	True	False	False	False	False	False	False	False	False	False	False	True	False	False	False
0	667	2	25.0	0	0	13.00	False	True	False	False	True	False	False	False	False	False	False	False	False	False	False	True	False	False	False
1	335	1	29.36	1	0	133.65	True	False	False	False	True	False	False	False	False	False	False	False	False	False	False	False	True	False	False
0	585	3	29.36	0	0	8.71	False	True	True	False	False	False	False	False	False	False	False	False	False	False	False	True	False	False	False
0	27	3	29.36	0	0	7.22	False	True	True	False	False	False	False	False	False	False	False	False	False	False	False	True	False	False	False
0	564	3	29.36	0	0	8.05	False	True	False	False	True	False	False	False	False	False	False	False	False	False	False	True	False	False	False
0	117	3	70.5	0	0	7.75	False	True	False	True	False	False	False	False	False	False	False	False	False	False	False	True	False	False	False
0	834	3	23.0	0	0	7.85	False	True	False	False	True	False	False	False	False	False	False	False	False	False	False	True	False	False	False
1	461	1	48.0	0	0	26.55	False	True	False	False	True	False	False	False	False	False	False	False	False	False	False	True	False	False	False
1	395	3	24.0	0	2	16.70	True	False	False	False	True	False	False	False	False	False	False	False	False	False	False	False	True	False	False
1	82	3	29.0	0	0	9.50	False	True	False	False	True	False	False	False	False	False	False	False	False	False	False	True	False	False	False
1	2	1	38.0	1	0	71.28	True	False	True	False	False	False	False	False	False	False	False	False	False	False	False	False	True	False	False
0	130	3	45.0	0	0	6.97	False	True	False	False	True	False	False	False	False	False	False	False	False	False	False	True	False	False	False
0	566	3	24.0	2	0	24.15	False	True	False	False	True	False	False	False	False	False	False	False	False	False	False	True	False	False	False
1	480	3	2.0	0	1	12.29	True	False	False	False	True	False	False	False	False	False	False	False	True	False	False	False	False	False	False
1	456	3	29.0	0	0	7.90	False	True	True	False	False	False	False	False	False	False	False	False	False	False	False	True	False	False	False
0	528	1	29.36	0	0	221.78	False	True	False	False	True	False	False	False	False	False	False	False	False	False	False	True	False	False	False
0	72	3	16.0	5	2	46.90	True	False	False	False	True	False	False	False	False	False	False	False	True	False	False	False	False	False	False
1	308	1	17.0	1	0	108.90	True	False	True	False	False	False	False	False	False	False	False	False	False	False	False	False	True	False	False
1	129	3	29.36	1	1	22.36	True	False	True	False	False	False	False	False	False	False	False	False	True	False	False	False	False	False	False
1	550	2	8.0	1	1	36.75	False	True	False	False	True	False	False	False	False	False	False	True	False	False	False	False	False	False	False
0	773	2	57.0	0	0	10.50	True	False	False	False	True	False	False	False	False	False	False	False	False	False	False	False	True	False	False
1	347	2	40.0	0	0	13.00	True	False	False	False	True	False	False	False	False	False	False	False	True	False	False	False	False	False	False
0	131	3	33.0	0	0	7.90	False	True	True	False	False	False	False	False	False	False	False	False	False	False	False	True	False	False	False
0	373	3	19.0	0	0	8.05	False	True	False	False	True	False	False	False	False	False	False	False	False	False	False	True	False	False	False
1	339	3	45.0	0	0	8.05	False	True	False	False	True	False	False	False	False	False	False	False	False	False	False	True	False	False	False
0	241	3	29.36	1	0	14.45	True	False	True	False	False	False	False	False	False	False	False	False	True	False	False	False	False	False	False
1	227	2	19.0	0	0	10.50	False	True	False	False	True	False	False	False	False	False	False	False	False	False	False	True	False	False	False
1	221	3	16.0	0	0	8.05	False	True	False	False	True	False	False	False	False	False	False	False	False	False	False	True	False	False	False
0	350	3	42.0	0	0	8.66	False	True	False	False	True	False	False	False	False	False	False	False	False	False	False	True	False	False	False
0	164	3	17.0	0	0	8.66	False	True	False	False	True	False	False	False	False	False	False	False	False	False	False	True	False	False	False
1	75	3	32.0	0	0	56.50	False	True	False	False	True	False	False	False	False	False	False	False	False	False	False	True	False	False	False
0	785	3	25.0	0	0	7.05	False	True	False	False	True	False	False	False	False	False	False	False	False	False	False	True	False	False	False
1	560	3	36.0	1	0	17.40	True	False	False	False	True	False	False	False	False	False	False	False	False	False	False	False	True	False	False
1	69	3	17.0	4	2	7.92	True	False	False	False	True	False	False	False	False	False	False	False	True	False	False	False	False	False	False
0	13	3	20.0	0	0	8.05	False	True	False	False	True	False	False	False	False	False	False	False	False	False	False	True	False	False	False
1	519	2	36.0	1	0	26.00	True	False	False	False	True	False	False	False	False	False	False	False	False	False	False	False	True	False	False
0	115	3	17.0	0	0	14.46	True	False	True	False	False	False	False	False	False	False	False	False	True	False	False	False	False	False	False
0	565	3	29.36	0	0	8.05	True	False	False	False	True	False	False	False	False	False	False	False	True	False	False	False	False	False	False
0	659	2	23.0	0	0	13.00	False	True	False	False	True	False	False	False	False	False	False	False	False	False	False	True	False	False	False
1	185	3	4.0	0	2	22.02	True	False	False	False	True	False	False	False	False	False	False	False	True	False	False	False	False	False	False
0	375	3	3.0	3	1	21.07	True	False	False	False	True	False	False	False	False	False	False	False	True	False	False	False	False	False	False
0	232	3	29.0	0	0	7.78	False	True	False	False	True	False	False	False	False	False	False	False	False	False	False	True	False	False	False
1	248	2	24.0	0	2	14.50	True	False	False	False	True	False	False	False	False	False	False	False	False	False	False	False	True	False	False
0	421	3	29.36	0	0	7.90	False	True	True	False	False	False	False	False	False	False	False	False	False	False	False	True	False	False	False
1	394	1	23.0	1	0	113.28	True	False	True	False	False	False	False	False	False	False	False	False	True	False	False	False	False	False	False
1	616	2	24.0	1	2	65.00	True	False	False	False	True	False	False	False	False	False	False	False	True	False	False	False	False	False	False
0	149	2	36.5	0	2	26.00	False	True	False	False	True	False	False	False	False	False	False	False	False	False	False	True	False	False	False
1	292	1	19.0	1	0	91.08	True	False	True	False	False	False	False	False	False	False	False	False	False	False	False	False	True	False	False
0	374	1	22.0	0	0	135.63	False	True	True	False	False	False	False	False	False	False	False	False	False	False	False	True	False	False	False
1	623	3	20.0	1	1	15.74	False	True	True	False	False	False	False	False	False	False	False	False	False	False	False	True	False	False	False
0	759	3	34.0	0	0	8.05	False	True	False	False	True	False	False	False	False	False	False	False	False	False	False	True	False	False	False
1	48	3	29.36	0	0	7.75	True	False	False	True	False	False	False	False	False	False	False	False	True	False	False	False	False	False	False
0	224	3	29.36	0	0	7.90	False	True	False	False	True	False	False	False	False	False	False	False	False	False	False	True	False	False	False
1	302	3	29.36	2	0	23.25	False	True	False	True	False	False	False	False	False	False	False	False	False	False	False	True	False	False	False
0	183	3	9.0	4	2	31.39	False	True	False	False	True	False	False	False	False	False	False	True	False	False	False	False	False	False	False
1	678	3	18.0	0	0	9.84	True	False	False	False	True	False	False	False	False	False	False	False	True	False	False	False	False	False	False
0	663	1	47.0	0	0	25.59	False	True	False	False	True	False	False	False	False	False	False	False	False	False	False	True	False	False	False
0	488	1	58.0	0	0	29.70	False	True	True	False	False	False	False	False	False	False	False	False	False	False	False	True	False	False	False
0	379	3	20.0	0	0	4.01	False	True	True	False	False	False	False	False	False	False	False	False	False	False	False	True	False	False	False
0	776	3	18.0	0	0	7.75	False	True	False	False	True	False	False	False	False	False	False	False	False	False	False	True	False	False	False
1	357	1	22.0	0	1	55.00	True	False	False	False	True	False	False	False	False	False	False	False	True	False	False	False	False	False	False
1	454	1	49.0	1	0	89.10	False	True	True	False	False	False	False	False	False	False	False	False	False	False	False	True	False	False	False
0	52	3	21.0	0	0	7.80	False	True	False	False	True	False	False	False	False	False	False	False	False	False	False	True	False	False	False
0	640	3	29.36	1	0	16.10	False	True	False	False	True	False	False	False	False	False	False	False	False	False	False	True	False	False	False
0	325	3	29.36	8	2	69.55	False	True	False	False	True	False	False	False	False	False	False	False	False	False	False	True	False	False	False
1	541	1	36.0	0	2	71.00	True	False	False	False	True	False	False	False	False	False	False	False	True	False	False	False	False	False	False
0	442	3	20.0	0	0	9.50	False	True	False	False	True	False	False	False	False	False	False	False	False	False	False	True	False	False	False
0	363	3	45.0	0	1	14.45	True	False	True	False	False	False	False	False	False	False	False	False	False	False	False	False	True	False	False
0	334	3	16.0	2	0	18.00	False	True	False	False	True	False	False	False	False	False	False	False	False	False	False	True	False	False	False
1	797	1	49.0	0	0	25.93	True	False	False	False	True	False	False	False	True	False	False	False	False	False	False	False	False	False	False
0	159	3	29.36	0	0	8.66	False	True	False	False	True	False	False	False	False	False	False	False	False	False	False	True	False	False	False
0	226	3	22.0	0	0	9.35	False	True	False	False	True	False	False	False	False	False	False	False	False	False	False	True	False	False	False
0	669	3	43.0	0	0	8.05	False	True	False	False	True	False	False	False	False	False	False	False	False	False	False	True	False	False	False
1	636	2	28.0	0	0	13.00	True	False	False	False	True	False	False	False	False	False	False	False	True	False	False	False	False	False	False
1	341	2	2.0	1	1	26.00	False	True	False	False	True	False	False	False	False	False	False	True	False	False	False	False	False	False	False
1	306	1	0.92	1	2	151.55	False	True	False	False	True	False	False	False	False	False	False	True	False	False	False	False	False	False	False
0	106	3	28.0	0	0	7.90	False	True	False	False	True	False	False	False	False	False	False	False	False	False	False	True	False	False	False
0	253	1	62.0	0	0	26.55	False	True	False	False	True	False	False	False	False	False	False	False	False	False	False	True	False	False	False
0	139	3	16.0	0	0	9.22	False	True	False	False	True	False	False	False	False	False	False	False	False	False	False	True	False	False	False
0	133	3	47.0	1	0	14.50	True	False	False	False	True	False	False	False	False	False	False	False	False	False	False	False	True	False	False
1	652	2	18.0	0	1	23.00	True	False	False	False	True	False	False	False	False	False	False	False	True	False	False	False	False	False	False
0	414	2	29.36	0	0	0.00	False	True	False	False	True	False	False	False	False	False	False	False	False	False	False	True	False	False	False
0	811	3	26.0	0	0	7.89	False	True	False	False	True	False	False	False	False	False	False	False	False	False	False	True	False	False	False
1	551	1	17.0	0	2	110.88	False	True	True	False	False	False	False	False	False	False	False	False	False	False	False	True	False	False	False
0	378	1	27.0	0	2	211.50	False	True	True	False	False	False	False	False	False	False	False	False	False	False	False	True	False	False	False
1	578	1	39.0	1	0	55.90	True	False	False	False	True	False	False	False	False	False	False	False	False	False	False	False	True	False	False
0	279	3	7.0	4	1	29.12	False	True	False	True	False	False	False	False	False	False	False	True	False	False	False	False	False	False	False
0	493	1	55.0	0	0	30.50	False	True	False	False	True	False	False	False	False	False	False	False	False	False	False	True	False	False	False
0	286	3	33.0	0	0	8.66	False	True	True	False	False	False	False	False	False	False	False	False	False	False	False	True	False	False	False
0	123	2	32.5	1	0	30.07	False	True	True	False	False	False	False	False	False	False	False	False	False	False	False	True	False	False	False
0	175	1	56.0	0	0	30.70	False	True	True	False	False	False	False	False	False	False	False	False	False	False	False	True	False	False	False
1	391	1	36.0	1	2	120.00	False	True	False	False	True	False	False	False	False	False	False	False	False	False	False	True	False	False	False
1	511	3	29.0	0	0	7.75	False	True	False	True	False	False	False	False	False	False	False	False	False	False	False	True	False	False	False
1	802	2	31.0	1	1	26.25	True	False	False	False	True	False	False	False	False	False	False	False	False	False	False	False	True	False	False
1	346	2	24.0	0	0	13.00	True	False	False	False	True	False	False	False	False	False	False	False	True	False	False	False	False	False	False
1	142	3	22.0	0	0	7.75	True	False	False	False	True	False	False	False	False	False	False	False	True	False	False	False	False	False	False
0	568	3	29.0	0	4	21.07	True	False	False	False	True	False	False	False	False	False	False	False	False	False	False	False	True	False	False
0	817	3	23.0	0	0	7.92	True	False	False	False	True	False	False	False	False	False	False	False	True	False	False	False	False	False	False
0	847	3	29.36	8	2	69.55	False	True	False	False	True	False	False	False	False	False	False	False	False	False	False	True	False	False	False
1	417	2	34.0	1	1	32.50	True	False	False	False	True	False	False	False	False	False	False	False	False	False	False	False	True	False	False
1	766	1	51.0	1	0	77.96	True	False	False	False	True	False	False	False	False	False	False	False	False	False	False	False	True	False	False
1	408	2	3.0	1	1	18.75	False	True	False	False	True	False	False	False	False	False	False	True	False	False	False	False	False	False	False
0	103	1	21.0	0	1	77.29	False	True	False	False	True	False	False	False	False	False	False	False	False	False	False	True	False	False	False
0	266	2	36.0	0	0	10.50	False	True	False	False	True	False	False	False	False	False	False	False	False	False	False	True	False	False	False
0	737	3	48.0	1	3	34.38	True	False	False	False	True	False	False	False	False	False	False	False	False	False	False	False	True	False	False
1	26	3	38.0	1	5	31.39	True	False	False	False	True	False	False	False	False	False	False	False	False	False	False	False	True	False	False
0	679	3	43.0	1	6	46.90	True	False	False	False	True	False	False	False	False	False	False	False	False	False	False	False	True	False	False
0	774	3	29.36	0	0	7.22	False	True	True	False	False	False	False	False	False	False	False	False	False	False	False	True	False	False	False
1	538	1	30.0	0	0	106.42	True	False	True	False	False	False	False	False	False	False	False	False	True	False	False	False	False	False	False
0	198	3	42.0	0	1	8.40	False	True	False	False	True	False	False	False	False	False	False	False	False	False	False	True	False	False	False
0	818	2	31.0	1	1	37.00	False	True	True	False	False	False	False	False	False	False	False	False	False	False	False	True	False	False	False
1	143	3	24.0	1	0	15.85	True	False	False	False	True	False	False	False	False	False	False	False	False	False	False	False	True	False	False
1	782	1	17.0	1	0	57.00	True	False	False	False	True	False	False	False	False	False	False	False	False	False	False	False	True	False	False
0	51	3	7.0	4	1	39.69	False	True	False	False	True	False	False	False	False	False	False	True	False	False	False	False	False	False	False
1	12	1	58.0	0	0	26.55	True	False	False	False	True	False	False	False	False	False	False	False	True	False	False	False	False	False	False
0	595	2	37.0	1	0	26.00	False	True	False	False	True	False	False	False	False	False	False	False	False	False	False	True	False	False	False
1	513	1	36.0	0	0	26.29	False	True	False	False	True	False	False	False	False	False	False	False	False	False	False	True	False	False	False
1	610	1	40.0	0	0	153.46	True	False	False	False	True	False	False	False	False	False	False	False	True	False	False	False	False	False	False
1	304	2	29.36	0	0	12.35	True	False	False	True	False	False	False	False	False	False	False	False	True	False	False	False	False	False	False
1	323	2	30.0	0	0	12.35	True	False	False	True	False	False	False	False	False	False	False	False	True	False	False	False	False	False	False
1	280	3	35.0	1	1	20.25	True	False	False	False	True	False	False	False	False	False	False	False	False	False	False	False	True	False	False
0	397	3	31.0	0	0	7.85	True	False	False	False	True	False	False	False	False	False	False	False	True	False	False	False	False	False	False
0	886	3	39.0	0	5	29.12	True	False	False	True	False	False	False	False	False	False	False	False	False	False	False	False	True	False	False
1	682	1	27.0	0	0	76.73	False	True	True	False	False	False	False	False	False	False	False	False	False	False	False	True	False	False	False
0	38	3	21.0	0	0	8.05	False	True	False	False	True	False	False	False	False	False	False	False	False	False	False	True	False	False	False
0	696	2	52.0	0	0	13.50	False	True	False	False	True	False	False	False	False	False	False	False	False	False	False	True	False	False	False
1	231	1	35.0	1	0	83.47	True	False	False	False	True	False	False	False	False	False	False	False	False	False	False	False	True	False	False
0	681	3	29.36	0	0	8.14	True	False	False	True	False	False	False	False	False	False	False	False	True	False	False	False	False	False	False
1	310	1	30.0	0	0	56.93	True	False	True	False	False	False	False	False	False	False	False	False	True	False	False	False	False	False	False
1	348	3	29.36	1	0	16.10	True	False	False	False	True	False	False	False	False	False	False	False	False	False	False	False	True	False	False
0	758	2	18.0	0	0	11.50	False	True	False	False	True	False	False	False	False	False	False	False	False	False	False	True	False	False	False
1	633	1	32.0	0	0	30.50	False	True	True	False	False	False	False	False	True	False	False	False	False	False	False	False	False	False	False
0	793	3	29.36	8	2	69.55	True	False	False	False	True	False	False	False	False	False	False	False	True	False	False	False	False	False	False
1	605	1	35.0	0	0	26.55	False	True	True	False	False	False	False	False	False	False	False	False	False	False	False	True	False	False	False
0	491	3	29.36	1	0	19.97	False	True	False	False	True	False	False	False	False	False	False	False	False	False	False	True	False	False	False
1	613	3	29.36	1	0	15.50	True	False	False	True	False	False	False	False	False	False	False	False	True	False	False	False	False	False	False
1	16	2	55.0	0	0	16.00	True	False	False	False	True	False	False	False	False	False	False	False	False	False	False	False	True	False	False
0	288	3	22.0	0	0	7.90	False	True	False	False	True	False	False	False	False	False	False	False	False	False	False	True	False	False	False
1	619	2	4.0	2	1	39.00	True	False	False	False	True	False	False	False	False	False	False	False	True	False	False	False	False	False	False
1	59	2	5.0	1	2	27.75	True	False	False	False	True	False	False	False	False	False	False	False	True	False	False	False	False	False	False
1	276	1	63.0	1	0	77.96	True	False	False	False	True	False	False	False	False	False	False	False	True	False	False	False	False	False	False
0	750	3	31.0	0	0	7.75	False	True	False	True	False	False	False	False	False	False	False	False	False	False	False	True	False	False	False
0	733	2	29.36	0	0	0.00	False	True	False	False	True	False	False	False	False	False	False	False	False	False	False	True	False	False	False
0	471	3	29.36	0	0	7.25	False	True	False	False	True	False	False	False	False	False	False	False	False	False	False	True	False	False	False
0	247	3	25.0	0	0	7.78	True	False	False	False	True	False	False	False	False	False	False	False	True	False	False	False	False	False	False
1	205	3	18.0	0	0	8.05	False	True	False	False	True	False	False	False	False	False	False	False	False	False	False	True	False	False	False
1	98	1	23.0	0	1	63.36	False	True	True	False	False	False	False	False	False	False	False	False	False	False	False	True	False	False	False
0	318	2	54.0	0	0	14.00	False	True	False	False	True	False	False	False	True	False	False	False	False	False	False	False	False	False	False
0	91	3	29.0	0	0	8.05	False	True	False	False	True	False	False	False	False	False	False	False	False	False	False	True	False	False	False
0	783	1	29.0	0	0	30.00	False	True	False	False	True	False	False	False	False	False	False	False	False	False	False	True	False	False	False
0	76	3	25.0	0	0	7.65	False	True	False	False	True	False	False	False	False	False	False	False	False	False	False	True	False	False	False
0	506	1	18.0	1	0	108.90	False	True	True	False	False	False	False	False	False	False	False	False	False	False	False	True	False	False	False
0	43	3	29.36	0	0	7.90	False	True	True	False	False	False	False	False	False	False	False	False	False	False	False	True	False	False	False
1	867	2	27.0	1	0	13.86	True	False	True	False	False	False	False	False	False	False	False	False	True	False	False	False	False	False	False
0	606	3	36.0	1	0	15.55	False	True	False	False	True	False	False	False	False	False	False	False	False	False	False	True	False	False	False
1	62	1	38.0	0	0	80.00	True	False	False	False	False	False	False	False	False	False	False	False	True	False	False	False	False	False	False
1	134	2	29.0	1	0	26.00	True	False	False	False	True	False	False	False	False	False	False	False	False	False	False	False	True	False	False
0	762	3	41.0	0	0	7.12	False	True	False	False	True	False	False	False	False	False	False	False	False	False	False	True	False	False	False
1	195	1	44.0	0	0	27.72	True	False	True	False	False	False	False	False	False	False	False	False	False	False	False	False	True	False	False
0	720	3	33.0	0	0	7.78	False	True	False	False	True	False	False	False	False	False	False	False	False	False	False	True	False	False	False
0	583	2	54.0	0	0	26.00	False	True	False	False	True	False	False	False	False	False	False	False	False	False	False	True	False	False	False
0	483	3	50.0	0	0	8.05	False	True	False	False	True	False	False	False	False	False	False	False	False	False	False	True	False	False	False
0	396	3	22.0	0	0	7.80	False	True	False	False	True	False	False	False	False	False	False	False	False	False	False	True	False	False	False
0	100	2	34.0	1	0	26.00	False	True	False	False	True	False	False	False	False	False	False	False	False	False	False	True	False	False	False
0	772	3	48.0	0	0	7.85	False	True	False	False	True	False	False	False	False	False	False	False	False	False	False	True	False	False	False
0	81	3	22.0	0	0	9.00	False	True	False	False	True	False	False	False	False	False	False	False	False	False	False	True	False	False	False
1	188	1	45.0	0	0	26.55	False	True	False	False	True	False	False	False	False	False	False	False	False	False	False	True	False	False	False
0	576	3	19.0	0	0	14.50	False	True	False	False	True	False	False	False	False	False	False	False	False	False	False	True	False	False	False
1	324	2	22.0	1	1	29.00	True	False	False	False	True	False	False	False	False	False	False	False	False	False	False	False	True	False	False
1	427	2	28.0	1	0	26.00	True	False	False	False	True	False	False	False	False	False	False	False	False	False	False	False	True	False	False
1	586	1	18.0	0	2	79.65	True	False	False	False	True	False	False	False	False	False	False	False	True	False	False	False	False	False	False
1	557	1	48.0	1	0	39.60	True	False	True	False	False	False	False	False	False	True	False	False	False	False	False	False	False	False	False
1	572	1	53.0	2	0	51.48	True	False	False	False	True	False	False	False	False	False	False	False	False	False	False	False	True	False	False
0	96	3	29.36	0	0	8.05	False	True	False	False	True	False	False	False	False	False	False	False	False	False	False	True	False	False	False
1	713	1	48.0	1	0	52.00	False	True	False	False	True	False	False	False	False	False	False	False	False	False	False	True	False	False	False
0	141	3	29.36	0	2	15.25	True	False	True	False	False	False	False	False	False	False	False	False	False	False	False	False	True	False	False
0	55	1	65.0	0	1	61.98	False	True	True	False	False	False	False	False	False	False	False	False	False	False	False	True	False	False	False
1	368	3	29.36	0	0	7.23	True	False	True	False	False	False	False	False	False	False	False	False	False	False	False	False	True	False	False
0	387	3	1.0	5	2	46.90	False	True	False	False	True	False	False	False	False	False	False	True	False	False	False	False	False	False	False
1	376	1	29.36	1	0	82.17	True	False	True	False	False	False	False	False	False	False	False	False	False	False	False	False	True	False	False
1	194	2	3.0	1	1	26.00	False	True	False	False	True	False	False	False	False	False	False	True	False	False	False	False	False	False	False
0	643	3	2.0	3	2	27.90	True	False	False	False	True	False	False	False	False	False	False	False	True	False	False	False	False	False	False
1	44	2	3.0	1	2	41.58	True	False	True	False	False	False	False	False	False	False	False	False	True	False	False	False	False	False	False
1	40	3	14.0	1	0	11.24	True	False	True	False	False	False	False	False	False	False	False	False	True	False	False	False	False	False	False
1	588	1	60.0	1	1	79.20	False	True	True	False	False	False	False	False	False	False	False	False	False	False	False	True	False	False	False
0	380	3	19.0	0	0	7.78	False	True	False	False	True	False	False	False	False	False	False	False	False	False	False	True	False	False	False
0	423	3	29.0	0	0	7.88	False	True	False	False	True	False	False	False	False	False	False	False	False	False	False	True	False	False	False
1	600	1	49.0	1	0	56.93	False	True	True	False	False	False	False	False	False	False	False	False	False	False	False	False	False	False	True
0	542	3	9.0	4	2	31.27	True	False	False	False	True	False	False	False	False	False	False	False	True	False	False	False	False	False	False
0	535	3	30.0	0	0	8.66	True	False	False	False	True	False	False	False	False	False	False	False	True	False	False	False	False	False	False
1	804	3	0.42	0	1	8.52	False	True	True	False	False	False	False	False	False	False	False	True	False	False	False	False	False	False	False
1	866	2	42.0	0	0	13.00	True	False	False	False	True	False	False	False	False	False	False	False	False	False	False	False	True	False	False
0	504	3	37.0	0	0	9.59	True	False	False	False	True	False	False	False	False	False	False	False	True	False	False	False	False	False	False
0	647	3	19.0	0	0	7.90	False	True	False	False	True	False	False	False	False	False	False	False	False	False	False	True	False	False	False
0	749	1	19.0	1	0	53.10	False	True	False	False	True	False	False	False	False	False	False	False	False	False	False	True	False	False	False
1	821	1	52.0	1	1	93.50	True	False	False	False	True	False	False	False	False	False	False	False	False	False	False	False	True	False	False
1	787	3	18.0	0	0	7.50	True	False	False	False	True	False	False	False	False	False	False	False	True	False	False	False	False	False	False
1	184	2	1.0	2	1	39.00	False	True	False	False	True	False	False	False	False	False	False	True	False	False	False	False	False	False	False
0	852	3	74.0	0	0	7.78	False	True	False	False	True	False	False	False	False	False	False	False	False	False	False	True	False	False	False
0	558	1	29.36	0	0	227.53	False	True	True	False	False	False	False	False	False	False	False	False	False	False	False	True	False	False	False
0	163	3	26.0	0	0	7.78	False	True	False	False	True	False	False	False	False	False	False	False	False	False	False	True	False	False	False
0	455	3	29.36	0	0	8.05	False	True	False	False	True	False	False	False	False	False	False	False	False	False	False	True	False	False	False
0	220	2	30.0	0	0	10.50	False	True	False	False	True	False	False	False	False	False	False	False	False	False	False	True	False	False	False
0	245	3	30.0	0	0	7.22	False	True	True	False	False	False	False	False	False	False	False	False	False	False	False	True	False	False	False
0	422	3	21.0	0	0	7.73	False	True	False	True	False	False	False	False	False	False	False	False	False	False	False	True	False	False	False
0	884	2	28.0	0	0	10.50	False	True	False	False	True	False	False	False	False	False	False	False	False	False	False	True	False	False	False
0	453	1	30.0	0	0	27.75	False	True	True	False	False	False	False	False	False	False	False	False	False	False	False	True	False	False	False
0	841	3	20.0	0	0	7.92	False	True	False	False	True	False	False	False	False	False	False	False	False	False	False	True	False	False	False
0	264	1	40.0	0	0	0.00	False	True	False	False	True	False	False	False	False	False	False	False	False	False	False	True	False	False	False
1	381	1	42.0	0	0	227.53	True	False	True	False	False	False	False	False	False	False	False	False	True	False	False	False	False	False	False
1	24	1	28.0	0	0	35.50	False	True	False	False	True	False	False	False	False	False	False	False	False	False	False	True	False	False	False
1	708	1	42.0	0	0	26.29	False	True	False	False	True	False	False	False	False	False	False	False	False	False	False	True	False	False	False
0	15	3	14.0	0	0	7.85	True	False	False	False	True	False	False	False	False	False	False	False	True	False	False	False	False	False	False
0	703	3	18.0	0	1	14.45	True	False	True	False	False	False	False	False	False	False	False	False	True	False	False	False	False	False	False
0	549	3	33.0	1	1	20.52	False	True	False	False	True	False	False	False	False	False	False	False	False	False	False	True	False	False	False
1	54	2	29.0	1	0	26.00	True	False	False	False	True	False	False	False	False	False	False	False	False	False	False	False	True	False	False
0	495	3	21.0	0	0	8.05	False	True	False	False	True	False	False	False	False	False	False	False	False	False	False	True	False	False	False
0	686	2	25.0	1	2	41.58	False	True	True	False	False	False	False	False	False	False	False	False	False	False	False	True	False	False	False
0	116	3	21.0	0	0	7.92	False	True	False	False	True	False	False	False	False	False	False	False	False	False	False	True	False	False	False
0	105	3	37.0	2	0	7.92	False	True	False	False	True	False	False	False	False	False	False	False	False	False	False	True	False	False	False
1	738	1	35.0	0	0	512.33	False	True	True	False	False	False	False	False	False	False	False	False	False	False	False	True	False	False	False
1	798	3	31.0	0	0	8.68	True	False	False	False	True	False	False	False	False	False	False	False	False	False	False	False	True	False	False
0	615	3	35.0	0	0	8.05	False	True	False	False	True	False	False	False	False	False	False	False	False	False	False	True	False	False	False
0	815	3	30.5	0	0	8.05	False	True	False	False	True	False	False	False	False	False	False	False	False	False	False	True	False	False	False
0	161	3	44.0	0	1	16.10	False	True	False	False	True	False	False	False	False	False	False	False	False	False	False	True	False	False	False
1	863	1	48.0	0	0	25.93	True	False	False	False	True	False	False	False	False	False	False	False	False	False	False	False	True	False	False
1	574	3	29.36	0	0	7.75	True	False	False	True	False	False	False	False	False	False	False	False	True	False	False	False	False	False	False
0	498	3	29.36	0	0	15.10	False	True	False	False	True	False	False	False	False	False	False	False	False	False	False	True	False	False	False
0	58	3	28.5	0	0	7.23	False	True	True	False	False	False	False	False	False	False	False	False	False	False	False	True	False	False	False
0	237	2	44.0	1	0	26.00	False	True	False	False	True	False	False	False	False	False	False	False	False	False	False	True	False	False	False
0	882	3	33.0	0	0	7.90	False	True	False	False	True	False	False	False	False	False	False	False	False	False	False	True	False	False	False
0	788	3	8.0	4	1	29.12	False	True	False	True	False	False	False	False	False	False	False	True	False	False	False	False	False	False	False
1	693	3	29.36	0	0	56.50	False	True	False	False	True	False	False	False	False	False	False	False	False	False	False	True	False	False	False
0	673	2	70.0	0	0	10.50	False	True	False	False	True	False	False	False	False	False	False	False	False	False	False	True	False	False	False
0	478	3	29.0	1	0	7.05	False	True	False	False	True	False	False	False	False	False	False	False	False	False	False	True	False	False	False
0	322	3	27.0	0	0	7.90	False	True	False	False	True	False	False	False	False	False	False	False	False	False	False	True	False	False	False
0	800	3	30.0	1	1	24.15	True	False	False	False	True	False	False	False	False	False	False	False	False	False	False	False	True	False	False
0	739	3	29.36	0	0	7.90	False	True	False	False	True	False	False	False	False	False	False	False	False	False	False	True	False	False	False
0	1	3	22.0	1	0	7.25	False	True	False	False	True	False	False	False	False	False	False	False	False	False	False	True	False	False	False
0	883	3	22.0	0	0	10.52	True	False	False	False	True	False	False	False	False	False	False	False	True	False	False	False	False	False	False
0	546	1	64.0	0	0	26.00	False	True	False	False	True	False	False	False	False	False	False	False	False	False	False	True	False	False	False
1	756	2	0.67	1	1	14.50	False	True	False	False	True	False	False	False	False	False	False	True	False	False	False	False	False	False	False
0	501	3	17.0	0	0	8.66	False	True	False	False	True	False	False	False	False	False	False	False	False	False	False	True	False	False	False
0	35	1	28.0	1	0	82.17	False	True	True	False	False	False	False	False	False	False	False	False	False	False	False	True	False	False	False
0	156	1	51.0	0	1	61.38	False	True	True	False	False	False	False	False	False	False	False	False	False	False	False	True	False	False	False
1	212	2	35.0	0	0	21.00	True	False	False	False	True	False	False	False	False	False	False	False	True	False	False	False	False	False	False
0	704	3	25.0	0	0	7.74	False	True	False	True	False	False	False	False	False	False	False	False	False	False	False	True	False	False	False
0	877	3	20.0	0	0	9.85	False	True	False	False	True	False	False	False	False	False	False	False	False	False	False	True	False	False	False
0	719	3	29.36	0	0	15.50	False	True	False	True	False	False	False	False	False	False	False	False	False	False	False	True	False	False	False
1	474	2	23.0	0	0	13.79	True	False	True	False	False	False	False	False	False	False	False	False	False	False	False	False	True	False	False
1	870	3	4.0	1	1	11.13	False	True	False	False	True	False	False	False	False	False	False	True	False	False	False	False	False	False	False
0	71	2	32.0	0	0	10.50	False	True	False	False	True	False	False	False	False	False	False	False	False	False	False	True	False	False	False
0	353	3	15.0	1	1	7.23	False	True	True	False	False	False	False	False	False	False	False	False	False	False	False	True	False	False	False
1	301	3	29.36	0	0	7.75	True	False	False	True	False	False	False	False	False	False	False	False	True	False	False	False	False	False	False
0	489	3	30.0	0	0	8.05	False	True	False	False	True	False	False	False	False	False	False	False	False	False	False	True	False	False	False
0	627	2	57.0	0	0	12.35	False	True	False	True	False	False	False	False	False	False	False	False	False	False	False	False	False	True	False
0	522	3	22.0	0	0	7.90	False	True	False	False	True	False	False	False	False	False	False	False	False	False	False	True	False	False	False
1	527	2	50.0	0	0	10.50	True	False	False	False	True	False	False	False	False	False	False	False	True	False	False	False	False	False	False
0	638	2	31.0	1	1	26.25	False	True	False	False	True	False	False	False	False	False	False	False	False	False	False	True	False	False	False
0	340	1	45.0	0	0	35.50	False	True	False	False	True	False	False	False	False	False	False	False	False	False	False	True	False	False	False
1	830	1	62.0	0	0	80.00	True	False	False	False	False	False	False	False	False	False	False	False	False	False	False	False	True	False	False
0	525	3	29.36	0	0	7.23	False	True	True	False	False	False	False	False	False	False	False	False	False	False	False	True	False	False	False
0	111	1	47.0	0	0	52.00	False	True	False	False	True	False	False	False	False	False	False	False	False	False	False	True	False	False	False
0	796	2	39.0	0	0	13.00	False	True	False	False	True	False	False	False	False	False	False	False	False	False	False	True	False	False	False
0	140	1	24.0	0	0	79.20	False	True	True	False	False	False	False	False	False	False	False	False	False	False	False	True	False	False	False
0	844	3	34.5	0	0	6.44	False	True	True	False	False	False	False	False	False	False	False	False	False	False	False	True	False	False	False
0	92	3	20.0	0	0	7.85	False	True	False	False	True	False	False	False	False	False	False	False	False	False	False	True	False	False	False
0	770	3	32.0	0	0	8.36	False	True	False	False	True	False	False	False	False	False	False	False	False	False	False	True	False	False	False
0	715	2	52.0	0	0	13.00	False	True	False	False	True	False	False	False	False	False	False	False	False	False	False	True	False	False	False
0	849	2	28.0	0	1	33.00	False	True	False	False	True	False	False	False	False	False	False	False	False	False	False	False	False	True	False
0	864	3	29.36	8	2	69.55	True	False	False	False	True	False	False	False	False	False	False	False	True	False	False	False	False	False	False
0	305	3	29.36	0	0	8.05	False	True	False	False	True	False	False	False	False	False	False	False	False	False	False	True	False	False	False
1	709	1	22.0	0	0	151.55	True	False	False	False	True	False	False	False	False	False	False	False	True	False	False	False	False	False	False
1	449	3	5.0	2	1	19.26	True	False	True	False	False	False	False	False	False	False	False	False	True	False	False	False	False	False	False
1	216	1	31.0	1	0	113.28	True	False	True	False	False	False	False	False	False	False	False	False	True	False	False	False	False	False	False
1	430	3	32.0	0	0	8.05	False	True	False	False	True	False	False	False	False	False	False	False	False	False	False	True	False	False	False
0	203	3	34.0	0	0	6.50	False	True	False	False	True	False	False	False	False	False	False	False	False	False	False	True	False	False	False
1	284	3	19.0	0	0	8.05	False	True	False	False	True	False	False	False	False	False	False	False	False	False	False	True	False	False	False
1	822	3	27.0	0	0	8.66	False	True	False	False	True	False	False	False	False	False	False	False	False	False	False	True	False	False	False
0	792	2	16.0	0	0	26.00	False	True	False	False	True	False	False	False	False	False	False	False	False	False	False	True	False	False	False
1	370	1	24.0	0	0	69.30	True	False	True	False	False	False	False	False	False	False	False	False	False	False	True	False	False	False	False
0	233	2	59.0	0	0	13.50	False	True	False	False	True	False	False	False	False	False	False	False	False	False	False	True	False	False	False
0	25	3	8.0	3	1	21.07	True	False	False	False	True	False	False	False	False	False	False	False	True	False	False	False	False	False	False
0	653	3	21.0	0	0	8.43	False	True	False	False	True	False	False	False	False	False	False	False	False	False	False	True	False	False	False
1	289	2	42.0	0	0	13.00	False	True	False	False	True	False	False	False	False	False	False	False	False	False	False	True	False	False	False
1	473	2	33.0	1	2	27.75	True	False	False	False	True	False	False	False	False	False	False	False	False	False	False	False	True	False	False
0	523	3	29.36	0	0	7.22	False	True	True	False	False	False	False	False	False	False	False	False	False	False	False	True	False	False	False
0	6	3	29.36	0	0	8.46	False	True	False	True	False	False	False	False	False	False	False	False	False	False	False	True	False	False	False
0	153	3	55.5	0	0	8.05	False	True	False	False	True	False	False	False	False	False	False	False	False	False	False	True	False	False	False
1	260	2	50.0	0	1	26.00	True	False	False	False	True	False	False	False	False	False	False	False	False	False	False	False	True	False	False
0	672	1	31.0	1	0	52.00	False	True	False	False	True	False	False	False	False	False	False	False	False	False	False	True	False	False	False
0	868	1	31.0	0	0	50.50	False	True	False	False	True	False	False	False	False	False	False	False	False	False	False	True	False	False	False
0	17	3	2.0	4	1	29.12	False	True	False	True	False	False	False	False	False	False	False	True	False	False	False	False	False	False	False
1	147	3	27.0	0	0	7.80	False	True	False	False	True	False	False	False	False	False	False	False	False	False	False	True	False	False	False
1	581	2	25.0	1	1	30.00	True	False	False	False	True	False	False	False	False	False	False	False	True	False	False	False	False	False	False
0	732	3	11.0	0	0	18.79	False	True	True	False	False	False	False	False	False	False	False	False	False	False	False	True	False	False	False
0	356	3	28.0	0	0	9.50	False	True	False	False	True	False	False	False	False	False	False	False	False	False	False	True	False	False	False
0	372	3	18.0	1	0	6.50	False	True	False	False	True	False	False	False	False	False	False	False	False	False	False	True	False	False	False
0	94	3	26.0	1	2	20.57	False	True	False	False	True	False	False	False	False	False	False	False	False	False	False	True	False	False	False
0	791	3	29.36	0	0	7.75	False	True	False	True	False	False	False	False	False	False	False	False	False	False	False	True	False	False	False
1	167	1	29.36	0	1	55.00	True	False	False	False	True	False	False	False	False	False	False	False	False	False	False	False	True	False	False
0	297	3	23.5	0	0	7.23	False	True	True	False	False	False	False	False	False	False	False	False	False	False	False	True	False	False	False
0	632	3	51.0	0	0	7.05	False	True	False	False	True	False	False	False	False	False	False	False	False	False	False	True	False	False	False
0	801	2	34.0	0	0	13.00	False	True	False	False	True	False	False	False	False	False	False	False	False	False	False	True	False	False	False
0	569	3	29.36	0	0	7.23	False	True	True	False	False	False	False	False	False	False	False	False	False	False	False	True	False	False	False
0	664	3	36.0	0	0	7.50	False	True	False	False	True	False	False	False	False	False	False	False	False	False	False	True	False	False	False
1	330	1	16.0	0	1	57.98	True	False	True	False	False	False	False	False	False	False	False	False	True	False	False	False	False	False	False
1	642	1	24.0	0	0	69.30	True	False	True	False	False	False	False	False	False	False	False	False	False	True	False	False	False	False	False
0	398	2	46.0	0	0	26.00	False	True	False	False	True	False	False	False	False	False	False	False	False	False	False	True	False	False	False
0	700	3	42.0	0	0	7.65	False	True	False	False	True	False	False	False	False	False	False	False	False	False	False	True	False	False	False
0	78	3	29.36	0	0	8.05	False	True	False	False	True	False	False	False	False	False	False	False	False	False	False	True	False	False	False
0	699	1	49.0	1	1	110.88	False	True	True	False	False	False	False	False	False	False	False	False	False	False	False	True	False	False	False
1	428	2	19.0	0	0	26.00	True	False	False	False	True	False	False	False	False	False	False	False	True	False	False	False	False	False	False
0	70	3	26.0	2	0	8.66	False	True	False	False	True	False	False	False	False	False	False	False	False	False	False	True	False	False	False
0	846	3	42.0	0	0	7.55	False	True	False	False	True	False	False	False	False	False	False	False	False	False	False	True	False	False	False
0	768	3	30.5	0	0	7.75	True	False	False	True	False	False	False	False	False	False	False	False	True	False	False	False	False	False	False
1	646	1	48.0	1	0	76.73	False	True	True	False	False	False	False	False	False	False	False	False	False	False	False	True	False	False	False
1	497	1	54.0	1	0	78.27	True	False	True	False	False	False	False	False	False	False	False	False	True	False	False	False	False	False	False
0	617	3	34.0	1	1	14.40	False	True	False	False	True	False	False	False	False	False	False	False	False	False	False	True	False	False	False
0	181	3	29.36	8	2	69.55	True	False	False	False	True	False	False	False	False	False	False	False	True	False	False	False	False	False	False
0	65	1	29.36	0	0	27.72	False	True	True	False	False	False	False	False	False	False	False	False	False	False	False	True	False	False	False
0	779	3	29.36	0	0	7.74	False	True	False	True	False	False	False	False	False	False	False	False	False	False	False	True	False	False	False
1	342	1	24.0	3	2	263.00	True	False	False	False	True	False	False	False	False	False	False	False	True	False	False	False	False	False	False
0	553	3	29.36	0	0	7.83	False	True	False	True	False	False	False	False	False	False	False	False	False	False	False	True	False	False	False
0	207	3	32.0	1	0	15.85	False	True	False	False	True	False	False	False	False	False	False	False	False	False	False	True	False	False	False
1	319	1	31.0	0	2	164.87	True	False	False	False	True	False	False	False	False	False	False	False	True	False	False	False	False	False	False
0	358	2	38.0	0	0	13.00	True	False	False	False	True	False	False	False	False	False	False	False	True	False	False	False	False	False	False
0	178	1	50.0	0	0	28.71	True	False	True	False	False	False	False	False	False	False	False	False	True	False	False	False	False	False	False
0	213	3	22.0	0	0	7.25	False	True	False	False	True	False	False	False	False	False	False	False	False	False	False	True	False	False	False
0	462	3	34.0	0	0	8.05	False	True	False	False	True	False	False	False	False	False	False	False	False	False	False	True	False	False	False
0	170	3	28.0	0	0	56.50	False	True	False	False	True	False	False	False	False	False	False	False	False	False	False	True	False	False	False
0	865	2	24.0	0	0	13.00	False	True	False	False	True	False	False	False	False	False	False	False	False	False	False	True	False	False	False
1	217	3	27.0	0	0	7.92	True	False	False	False	True	False	False	False	False	False	False	False	True	False	False	False	False	False	False
1	66	3	29.36	1	1	15.25	False	True	True	False	False	False	False	False	False	False	False	True	False	False	False	False	False	False	False
0	389	3	29.36	0	0	7.73	False	True	False	True	False	False	False	False	False	False	False	False	False	False	False	True	False	False	False
0	293	2	36.0	0	0	12.88	False	True	True	False	False	False	False	False	False	False	False	False	False	False	False	True	False	False	False
0	214	2	30.0	0	0	13.00	False	True	False	False	True	False	False	False	False	False	False	False	False	False	False	True	False	False	False
1	326	1	36.0	0	0	135.63	True	False	True	False	False	False	False	False	False	False	False	False	True	False	False	False	False	False	False
0	283	3	16.0	0	0	9.50	False	True	False	False	True	False	False	False	False	False	False	False	False	False	False	True	False	False	False
0	481	3	9.0	5	2	46.90	False	True	False	False	True	False	False	False	False	False	False	True	False	False	False	False	False	False	False
0	192	2	19.0	0	0	13.00	False	True	False	False	True	False	False	False	False	False	False	False	False	False	False	True	False	False	False
0	345	2	36.0	0	0	13.00	False	True	False	False	True	False	False	False	False	False	False	False	False	False	False	True	False	False	False
1	609	2	22.0	1	2	41.58	True	False	True	False	False	False	False	False	False	False	False	False	False	False	False	False	True	False	False
0	660	1	58.0	0	2	113.28	False	True	True	False	False	False	False	False	False	False	False	False	False	False	False	True	False	False	False
1	85	2	17.0	0	0	10.50	True	False	False	False	True	False	False	False	False	False	False	False	True	False	False	False	False	False	False
1	521	1	30.0	0	0	93.50	True	False	False	False	True	False	False	False	False	False	False	False	True	False	False	False	False	False	False
1	644	3	29.36	0	0	56.50	False	True	False	False	True	False	False	False	False	False	False	False	False	False	False	True	False	False	False
1	831	3	15.0	1	0	14.45	True	False	True	False	False	False	False	False	False	False	False	False	False	False	False	False	True	False	False
